{
  "departments": [
    {
      "code": "05",
      "name": "ANTIOQUIA",
      "municipalities": [
        {"code": "05001", "name": "MEDELLIN"},
        {"code": "05002", "name": "ABEJORRAL"},
        {"code": "05004", "name": "ABRIAQUI"},
        {"code": "05021", "name": "ALEJANDRIA"},
        {"code": "05030", "name": "AMAGA"},
        {"code": "05031", "name": "AMALFI"},
        {"code": "05034", "name": "ANDES"},
        {"code": "05036", "name": "ANGELOPOLIS"},
        {"code": "05038", "name": "ANGOSTURA"},
        {"code": "05040", "name": "ANORI"},
        {"code": "05042", "name": "APARTADO"},
        {"code": "05044", "name": "ARBOLETES"},
        {"code": "05045", "name": "ARGELIA"},
        {"code": "05051", "name": "ARMENIA"},
        {"code": "05055", "name": "BARBOSA"},
        {"code": "05059", "name": "BELMIRA"},
        {"code": "05079", "name": "BELLO"},
        {"code": "05086", "name": "BETANIA"},
        {"code": "05088", "name": "BETULIA"},
        {"code": "05091", "name": "BOLIVAR"},
        {"code": "05093", "name": "BRICEÑO"},
        {"code": "05101", "name": "BURITICA"},
        {"code": "05107", "name": "CACERES"},
        {"code": "05113", "name": "CAICEDO"},
        {"code": "05120", "name": "CALDAS"},
        {"code": "05125", "name": "CAMPAMENTO"},
        {"code": "05129", "name": "CAÑASGORDAS"},
        {"code": "05134", "name": "CARACOLI"},
        {"code": "05138", "name": "CARAMANTA"},
        {"code": "05142", "name": "CAREPA"},
        {"code": "05145", "name": "CAROLINA"},
        {"code": "05147", "name": "CAUCASIA"},
        {"code": "05148", "name": "CHIGORODO"},
        {"code": "05150", "name": "CISNEROS"},
        {"code": "05154", "name": "COCORNA"},
        {"code": "05172", "name": "CONCEPCION"},
        {"code": "05190", "name": "COPACABANA"},
        {"code": "05197", "name": "DABEIBA"},
        {"code": "05206", "name": "DON MATIAS"},
        {"code": "05209", "name": "EBEJICO"},
        {"code": "05212", "name": "EL BAGRE"},
        {"code": "05234", "name": "ENTRERRIOS"},
        {"code": "05237", "name": "ENVIGADO"},
        {"code": "05240", "name": "FREDONIA"},
        {"code": "05250", "name": "FRONTINO"},
        {"code": "05264", "name": "GIRALDO"},
        {"code": "05266", "name": "GIRARDOTA"},
        {"code": "05282", "name": "GOMEZ PLATA"},
        {"code": "05284", "name": "GRANADA"},
        {"code": "05306", "name": "GUADALUPE"},
        {"code": "05308", "name": "GUARNE"},
        {"code": "05310", "name": "GUATAPE"},
        {"code": "05313", "name": "HELICONIA"},
        {"code": "05315", "name": "HISPANIA"},
        {"code": "05318", "name": "ITAGUI"},
        {"code": "05321", "name": "ITUANGO"},
        {"code": "05347", "name": "JARDIN"},
        {"code": "05353", "name": "JERICO"},
        {"code": "05360", "name": "LA CEJA"},
        {"code": "05361", "name": "LA ESTRELLA"},
        {"code": "05364", "name": "LA PINTADA"},
        {"code": "05368", "name": "LA UNION"},
        {"code": "05376", "name": "LIBORINA"},
        {"code": "05380", "name": "MACEO"},
        {"code": "05390", "name": "MARINILLA"},
        {"code": "05400", "name": "MONTEBELLO"},
        {"code": "05411", "name": "MURINDO"},
        {"code": "05425", "name": "MUTATA"},
        {"code": "05440", "name": "NARIÑO"},
        {"code": "05467", "name": "NECHI"},
        {"code": "05475", "name": "NECOCLI"},
        {"code": "05480", "name": "OLAYA"},
        {"code": "05483", "name": "PEÑOL"},
        {"code": "05495", "name": "PEQUE"},
        {"code": "05501", "name": "PUEBLORRICO"},
        {"code": "05541", "name": "PUERTO BERRIO"},
        {"code": "05543", "name": "PUERTO NARE"},
        {"code": "05576", "name": "PUERTO TRIUNFO"},
        {"code": "05579", "name": "REMEDIOS"},
        {"code": "05585", "name": "RETIRO"},
        {"code": "05591", "name": "RIONEGRO"},
        {"code": "05604", "name": "SABANALARGA"},
        {"code": "05607", "name": "SABANETA"},
        {"code": "05615", "name": "SALGAR"},
        {"code": "05628", "name": "SAN ANDRES DE CUERQUIA"},
        {"code": "05631", "name": "SAN CARLOS"},
        {"code": "05642", "name": "SAN FRANCISCO"},
        {"code": "05647", "name": "SAN JERONIMO"},
        {"code": "05649", "name": "SAN JOSE DE LA MONTAÑA"},
        {"code": "05652", "name": "SAN JUAN DE URABA"},
        {"code": "05656", "name": "SAN LUIS"},
        {"code": "05658", "name": "SAN PEDRO DE LOS MILAGROS"},
        {"code": "05659", "name": "SAN PEDRO DE URABA"},
        {"code": "05660", "name": "SAN RAFAEL"},
        {"code": "05664", "name": "SAN ROQUE"},
        {"code": "05665", "name": "SAN VICENTE"},
        {"code": "05667", "name": "SANTA BARBARA"},
        {"code": "05670", "name": "SANTA ROSA DE OSOS"},
        {"code": "05674", "name": "SANTO DOMINGO"},
        {"code": "05679", "name": "SANTUARIO"},
        {"code": "05686", "name": "SEGOVIA"},
        {"code": "05690", "name": "SONSON"},
        {"code": "05697", "name": "SOPETRAN"},
        {"code": "05736", "name": "TAMESIS"},
        {"code": "05756", "name": "TARAZA"},
        {"code": "05761", "name": "TARSO"},
        {"code": "05789", "name": "TITIRIBI"},
        {"code": "05790", "name": "TOLEDO"},
        {"code": "05792", "name": "TURBO"},
        {"code": "05809", "name": "URAMITA"},
        {"code": "05819", "name": "URRAO"},
        {"code": "05837", "name": "VALDIVIA"},
        {"code": "05842", "name": "VALPARAISO"},
        {"code": "05847", "name": "VEGACHI"},
        {"code": "05854", "name": "VENECIA"},
        {"code": "05856", "name": "VIGIA DEL FUERTE"},
        {"code": "05858", "name": "YALI"},
        {"code": "05861", "name": "YARUMAL"},
        {"code": "05873", "name": "YOLOMBO"},
        {"code": "05885", "name": "YONDO"},
        {"code": "05890", "name": "ZARAGOZA"}
      ]
    },
    {
      "code": "08",
      "name": "ATLANTICO",
      "municipalities": [
        {"code": "08001", "name": "BARRANQUILLA"},
        {"code": "08078", "name": "BARANOA"},
        {"code": "08137", "name": "CAMPO DE LA CRUZ"},
        {"code": "08141", "name": "CANDELARIA"},
        {"code": "08296", "name": "GALAPA"},
        {"code": "08372", "name": "JUAN DE ACOSTA"},
        {"code": "08421", "name": "LURUACO"},
        {"code": "08433", "name": "MALAMBO"},
        {"code": "08436", "name": "MANATI"},
        {"code": "08520", "name": "PALMAR DE VARELA"},
        {"code": "08549", "name": "PIOJO"},
        {"code": "08558", "name": "POLONUEVO"},
        {"code": "08560", "name": "PONEDERA"},
        {"code": "08573", "name": "PUERTO COLOMBIA"},
        {"code": "08606", "name": "REPELON"},
        {"code": "08634", "name": "SABANAGRANDE"},
        {"code": "08638", "name": "SABANALARGA"},
        {"code": "08675", "name": "SANTA LUCIA"},
        {"code": "08685", "name": "SANTO TOMAS"},
        {"code": "08758", "name": "SOLEDAD"},
        {"code": "08770", "name": "SUAN"},
        {"code": "08832", "name": "TUBARA"},
        {"code": "08849", "name": "USIACURI"}
      ]
    },
    {
      "code": "11",
      "name": "BOGOTA D.C.",
      "municipalities": [
        {"code": "11001", "name": "BOGOTA D.C."}
      ]
    },
    {
      "code": "13",
      "name": "BOLIVAR",
      "municipalities": [
        {"code": "13001", "name": "CARTAGENA DE INDIAS"},
        {"code": "13006", "name": "ACHI"},
        {"code": "13030", "name": "ALTOS DEL ROSARIO"},
        {"code": "13042", "name": "ARENAL"},
        {"code": "13052", "name": "ARJONA"},
        {"code": "13062", "name": "ARROYOHONDO"},
        {"code": "13074", "name": "BARRANCO DE LOBA"},
        {"code": "13140", "name": "CALAMAR"},
        {"code": "13160", "name": "CANTAGALLO"},
        {"code": "13188", "name": "CICUCO"},
        {"code": "13212", "name": "CORDOBA"},
        {"code": "13222", "name": "CLEMENCIA"},
        {"code": "13244", "name": "EL CARMEN DE BOLIVAR"},
        {"code": "13248", "name": "EL GUAMO"},
        {"code": "13268", "name": "EL PEÑON"},
        {"code": "13300", "name": "HATILLO DE LOBA"},
        {"code": "13430", "name": "MAGANGUE"},
        {"code": "13433", "name": "MAHATES"},
        {"code": "13440", "name": "MARGARITA"},
        {"code": "13442", "name": "MARIA LA BAJA"},
        {"code": "13458", "name": "MONTECRISTO"},
        {"code": "13468", "name": "MOMPOS"},
        {"code": "13473", "name": "MORALES"},
        {"code": "13490", "name": "NOROSI"},
        {"code": "13549", "name": "PINILLOS"},
        {"code": "13580", "name": "REGIDOR"},
        {"code": "13600", "name": "RIO VIEJO"},
        {"code": "13620", "name": "SAN CRISTOBAL"},
        {"code": "13647", "name": "SAN ESTANISLAO"},
        {"code": "13650", "name": "SAN FERNANDO"},
        {"code": "13654", "name": "SAN JACINTO"},
        {"code": "13655", "name": "SAN JACINTO DEL CAUCA"},
        {"code": "13657", "name": "SAN JUAN NEPOMUCENO"},
        {"code": "13667", "name": "SAN MARTIN DE LOBA"},
        {"code": "13670", "name": "SAN PABLO"},
        {"code": "13673", "name": "SANTA CATALINA"},
        {"code": "13683", "name": "SANTA ROSA"},
        {"code": "13688", "name": "SANTA ROSA DEL SUR"},
        {"code": "13744", "name": "SIMITI"},
        {"code": "13760", "name": "SOPLAVIENTO"},
        {"code": "13780", "name": "TALAIGUA NUEVO"},
        {"code": "13810", "name": "TIQUISIO"},
        {"code": "13836", "name": "TURBACO"},
        {"code": "13838", "name": "TURBANA"},
        {"code": "13873", "name": "VILLANUEVA"},
        {"code": "13894", "name": "ZAMBRANO"}
      ]
    },
    {
      "code": "15",
      "name": "BOYACA",
      "municipalities": [
        {"code": "15001", "name": "TUNJA"},
        {"code": "15022", "name": "ALMEIDA"},
        {"code": "15047", "name": "AQUITANIA"},
        {"code": "15051", "name": "ARCABUCO"},
        {"code": "15087", "name": "BELEN"},
        {"code": "15090", "name": "BERBEO"},
        {"code": "15092", "name": "BETEITIVA"},
        {"code": "15097", "name": "BOAVITA"},
        {"code": "15104", "name": "BOYACA"},
        {"code": "15106", "name": "BRICEÑO"},
        {"code": "15109", "name": "BUENAVISTA"},
        {"code": "15114", "name": "BUSBANZA"},
        {"code": "15131", "name": "CALDAS"},
        {"code": "15135", "name": "CAMPOHERMOSO"},
        {"code": "15162", "name": "CERINZA"},
        {"code": "15172", "name": "CHINAVITA"},
        {"code": "15176", "name": "CHIQUINQUIRA"},
        {"code": "15180", "name": "CHISCAS"},
        {"code": "15183", "name": "CHITA"},
        {"code": "15185", "name": "CHITARAQUE"},
        {"code": "15187", "name": "CHIVATA"},
        {"code": "15189", "name": "CHIVOR"},
        {"code": "15204", "name": "CIENEGA"},
        {"code": "15212", "name": "COMBITA"},
        {"code": "15215", "name": "COPER"},
        {"code": "15218", "name": "CORRALES"},
        {"code": "15223", "name": "COVARACHIA"},
        {"code": "15224", "name": "CUBARA"},
        {"code": "15226", "name": "CUCAITA"},
        {"code": "15232", "name": "CUITIVA"},
        {"code": "15236", "name": "DUITAMA"},
        {"code": "15238", "name": "EL COCUY"},
        {"code": "15244", "name": "EL ESPINO"},
        {"code": "15248", "name": "FIRAVITOBA"},
        {"code": "15272", "name": "FLORESTA"},
        {"code": "15276", "name": "GACHANTIVA"},
        {"code": "15293", "name": "GAMEZA"},
        {"code": "15296", "name": "GARAGOA"},
        {"code": "15299", "name": "GUACAMAYAS"},
        {"code": "15317", "name": "GUATEQUE"},
        {"code": "15322", "name": "GUAYATA"},
        {"code": "15325", "name": "GUICAN"},
        {"code": "15332", "name": "IZA"},
        {"code": "15362", "name": "JENESANO"},
        {"code": "15367", "name": "JERICO"},
        {"code": "15368", "name": "LABRANZAGRANDE"},
        {"code": "15377", "name": "LA CAPILLA"},
        {"code": "15380", "name": "LA UVITA"},
        {"code": "15401", "name": "LA VICTORIA"},
        {"code": "15403", "name": "VILLA DE LEYVA"},
        {"code": "15407", "name": "MACANAL"},
        {"code": "15425", "name": "MARIPI"},
        {"code": "15442", "name": "MIRAFLORES"},
        {"code": "15455", "name": "MONGUA"},
        {"code": "15464", "name": "MONGUI"},
        {"code": "15466", "name": "MONIQUIRA"},
        {"code": "15469", "name": "MOTAVITA"},
        {"code": "15476", "name": "MUZO"},
        {"code": "15480", "name": "NOBSA"},
        {"code": "15491", "name": "NUEVO COLON"},
        {"code": "15494", "name": "OICATA"},
        {"code": "15500", "name": "OTANCHE"},
        {"code": "15507", "name": "PACHAVITA"},
        {"code": "15511", "name": "PAEZ"},
        {"code": "15514", "name": "PAIPA"},
        {"code": "15516", "name": "PAJARITO"},
        {"code": "15518", "name": "PANQUEBA"},
        {"code": "15522", "name": "PAUNA"},
        {"code": "15531", "name": "PAYA"},
        {"code": "15533", "name": "PAZ DE RIO"},
        {"code": "15537", "name": "PESCA"},
        {"code": "15542", "name": "PISBA"},
        {"code": "15550", "name": "PUERTO BOYACA"},
        {"code": "15572", "name": "QUIPAMA"},
        {"code": "15580", "name": "RAMIRIQUI"},
        {"code": "15599", "name": "RAQUIRA"},
        {"code": "15600", "name": "RONDON"},
        {"code": "15621", "name": "SABOYA"},
        {"code": "15632", "name": "SACHICA"},
        {"code": "15638", "name": "SAMACA"},
        {"code": "15646", "name": "SAN EDUARDO"},
        {"code": "15660", "name": "SAN JOSE DE PARE"},
        {"code": "15664", "name": "SAN LUIS DE GACENO"},
        {"code": "15667", "name": "SAN MATEO"},
        {"code": "15673", "name": "SAN MIGUEL DE SEMA"},
        {"code": "15676", "name": "SAN PABLO DE BORBUR"},
        {"code": "15681", "name": "SANTANA"},
        {"code": "15686", "name": "SANTA MARIA"},
        {"code": "15690", "name": "SANTA ROSA DE VITERBO"},
        {"code": "15693", "name": "SANTA SOFIA"},
        {"code": "15696", "name": "SATIVANORTE"},
        {"code": "15720", "name": "SATIVASUR"},
        {"code": "15723", "name": "SIACHOQUE"},
        {"code": "15740", "name": "SOATA"},
        {"code": "15753", "name": "SOCOTA"},
        {"code": "15755", "name": "SOCHA"},
        {"code": "15757", "name": "SOGAMOSO"},
        {"code": "15759", "name": "SOMONDOCO"},
        {"code": "15761", "name": "SORA"},
        {"code": "15762", "name": "SORACA"},
        {"code": "15763", "name": "SOTAQUIRA"},
        {"code": "15764", "name": "SUSACON"},
        {"code": "15774", "name": "SUTAMARCHAN"},
        {"code": "15776", "name": "SUTATENZA"},
        {"code": "15778", "name": "TASCO"},
        {"code": "15790", "name": "TENZA"},
        {"code": "15798", "name": "TIBANA"},
        {"code": "15804", "name": "TIBASOSA"},
        {"code": "15806", "name": "TINJACA"},
        {"code": "15808", "name": "TIPACOQUE"},
        {"code": "15810", "name": "TOCA"},
        {"code": "15814", "name": "TOGUI"},
        {"code": "15816", "name": "TOPAGA"},
        {"code": "15820", "name": "TOTA"},
        {"code": "15822", "name": "TUNUNGUA"},
        {"code": "15832", "name": "TURMEQUE"},
        {"code": "15835", "name": "TUTA"},
        {"code": "15837", "name": "TUTAZA"},
        {"code": "15839", "name": "UMBITA"},
        {"code": "15842", "name": "VENTAQUEMADA"},
        {"code": "15861", "name": "VIRACACHA"},
        {"code": "15879", "name": "ZETAQUIRA"}
      ]
    },
    {
      "code": "17",
      "name": "CALDAS",
      "municipalities": [
        {"code": "17001", "name": "MANIZALES"},
        {"code": "17013", "name": "AGUADAS"},
        {"code": "17042", "name": "ANSERMA"},
        {"code": "17050", "name": "ARANZAZU"},
        {"code": "17088", "name": "BELALCAZAR"},
        {"code": "17174", "name": "CHINCHINA"},
        {"code": "17272", "name": "FILADELFIA"},
        {"code": "17380", "name": "LA DORADA"},
        {"code": "17388", "name": "LA MERCED"},
        {"code": "17433", "name": "MANZANARES"},
        {"code": "17442", "name": "MARMATO"},
        {"code": "17444", "name": "MARQUETALIA"},
        {"code": "17446", "name": "MARULANDA"},
        {"code": "17486", "name": "NEIRA"},
        {"code": "17495", "name": "NORCASIA"},
        {"code": "17513", "name": "PACORA"},
        {"code": "17524", "name": "PALESTINA"},
        {"code": "17541", "name": "PENSILVANIA"},
        {"code": "17614", "name": "RIOSUCIO"},
        {"code": "17616", "name": "RISARALDA"},
        {"code": "17653", "name": "SALAMINA"},
        {"code": "17662", "name": "SAMANA"},
        {"code": "17665", "name": "SAN JOSE"},
        {"code": "17777", "name": "SUPIA"},
        {"code": "17867", "name": "VICTORIA"},
        {"code": "17873", "name": "VILLAMARIA"},
        {"code": "17877", "name": "VITERBO"}
      ]
    },
    {
      "code": "18",
      "name": "CAQUETA",
      "municipalities": [
        {"code": "18001", "name": "FLORENCIA"},
        {"code": "18029", "name": "ALBANIA"},
        {"code": "18094", "name": "BELEN DE LOS ANDAQUIES"},
        {"code": "18150", "name": "CARTAGENA DEL CHAIRA"},
        {"code": "18205", "name": "CURILLO"},
        {"code": "18247", "name": "EL DONCELLO"},
        {"code": "18256", "name": "EL PAUJIL"},
        {"code": "18410", "name": "LA MONTAÑITA"},
        {"code": "18460", "name": "MILAN"},
        {"code": "18479", "name": "MORELIA"},
        {"code": "18592", "name": "PUERTO RICO"},
        {"code": "18610", "name": "SAN JOSE DEL FRAGUA"},
        {"code": "18753", "name": "SAN VICENTE DEL CAGUAN"},
        {"code": "18756", "name": "SOLANO"},
        {"code": "18785", "name": "SOLITA"},
        {"code": "18860", "name": "VALPARAISO"}
      ]
    },
    {
      "code": "19",
      "name": "CAUCA",
      "municipalities": [
        {"code": "19001", "name": "POPAYAN"},
        {"code": "19022", "name": "ALMAGUER"},
        {"code": "19050", "name": "ARGELIA"},
        {"code": "19075", "name": "BALBOA"},
        {"code": "19100", "name": "BOLIVAR"},
        {"code": "19110", "name": "BUENOS AIRES"},
        {"code": "19130", "name": "CAJIBIO"},
        {"code": "19137", "name": "CALDONO"},
        {"code": "19142", "name": "CALOTO"},
        {"code": "19212", "name": "CORINTO"},
        {"code": "19256", "name": "EL TAMBO"},
        {"code": "19290", "name": "FLORENCIA"},
        {"code": "19300", "name": "GUACHENE"},
        {"code": "19318", "name": "GUAPI"},
        {"code": "19355", "name": "INZA"},
        {"code": "19364", "name": "JAMBALO"},
        {"code": "19392", "name": "LA SIERRA"},
        {"code": "19397", "name": "LA VEGA"},
        {"code": "19418", "name": "LOPEZ DE MICAY"},
        {"code": "19450", "name": "MERCADERES"},
        {"code": "19455", "name": "MIRANDA"},
        {"code": "19473", "name": "MORALES"},
        {"code": "19513", "name": "PADILLA"},
        {"code": "19517", "name": "PAEZ"},
        {"code": "19532", "name": "PATIA"},
        {"code": "19533", "name": "PIAMONTE"},
        {"code": "19548", "name": "PIENDAMO"},
        {"code": "19573", "name": "PUERTO TEJADA"},
        {"code": "19585", "name": "PURACE"},
        {"code": "19622", "name": "ROSAS"},
        {"code": "19693", "name": "SAN SEBASTIAN"},
        {"code": "19698", "name": "SANTANDER DE QUILICHAO"},
        {"code": "19701", "name": "SANTA ROSA"},
        {"code": "19743", "name": "SILVIA"},
        {"code": "19760", "name": "SOTARA"},
        {"code": "19780", "name": "SUAREZ"},
        {"code": "19785", "name": "SUCRE"},
        {"code": "19807", "name": "TIMBIO"},
        {"code": "19809", "name": "TIMBIQUI"},
        {"code": "19821", "name": "TORIBIO"},
        {"code": "19824", "name": "TOTORO"},
        {"code": "19845", "name": "VILLA RICA"}
      ]
    },
    {
      "code": "20",
      "name": "CESAR",
      "municipalities": [
        {"code": "20001", "name": "VALLEDUPAR"},
        {"code": "20011", "name": "AGUACHICA"},
        {"code": "20013", "name": "AGUSTIN CODAZZI"},
        {"code": "20032", "name": "ASTREA"},
        {"code": "20045", "name": "BECERRIL"},
        {"code": "20060", "name": "BOSCONIA"},
        {"code": "20175", "name": "CHIMICHAGUA"},
        {"code": "20178", "name": "CHIRIGUANA"},
        {"code": "20228", "name": "CURUMANI"},
        {"code": "20238", "name": "EL COPEY"},
        {"code": "20250", "name": "EL PASO"},
        {"code": "20295", "name": "GAMARRA"},
        {"code": "20310", "name": "GONZALEZ"},
        {"code": "20383", "name": "LA GLORIA"},
        {"code": "20400", "name": "LA JAGUA DE IBIRICO"},
        {"code": "20443", "name": "MANAURE BALCON DEL CESAR"},
        {"code": "20517", "name": "PAILITAS"},
        {"code": "20550", "name": "PELAYA"},
        {"code": "20570", "name": "PUEBLO BELLO"},
        {"code": "20614", "name": "RIO DE ORO"},
        {"code": "20621", "name": "LA PAZ"},
        {"code": "20710", "name": "SAN ALBERTO"},
        {"code": "20750", "name": "SAN DIEGO"},
        {"code": "20770", "name": "SAN MARTIN"},
        {"code": "20787", "name": "TAMALAMEQUE"}
      ]
    },
    {
      "code": "23",
      "name": "CORDOBA",
      "municipalities": [
        {"code": "23001", "name": "MONTERIA"},
        {"code": "23068", "name": "AYAPEL"},
        {"code": "23079", "name": "BUENAVISTA"},
        {"code": "23090", "name": "CANALETE"},
        {"code": "23162", "name": "CERETE"},
        {"code": "23168", "name": "CHIMA"},
        {"code": "23182", "name": "CHINU"},
        {"code": "23189", "name": "CIENAGA DE ORO"},
        {"code": "23300", "name": "COTORRA"},
        {"code": "23350", "name": "LA APARTADA"},
        {"code": "23417", "name": "LORICA"},
        {"code": "23419", "name": "LOS CORDOBAS"},
        {"code": "23464", "name": "MOMIL"},
        {"code": "23466", "name": "MONTELIBANO"},
        {"code": "23500", "name": "MOÑITOS"},
        {"code": "23555", "name": "PLANETA RICA"},
        {"code": "23570", "name": "PUEBLO NUEVO"},
        {"code": "23574", "name": "PUERTO ESCONDIDO"},
        {"code": "23580", "name": "PUERTO LIBERTADOR"},
        {"code": "23586", "name": "PURISIMA"},
        {"code": "23660", "name": "SAHAGUN"},
        {"code": "23670", "name": "SAN ANDRES DE SOTAVENTO"},
        {"code": "23672", "name": "SAN ANTERO"},
        {"code": "23675", "name": "SAN BERNARDO DEL VIENTO"},
        {"code": "23678", "name": "SAN CARLOS"},
        {"code": "23682", "name": "SAN JOSE DE URE"},
        {"code": "23686", "name": "SAN PELAYO"},
        {"code": "23807", "name": "TIERRALTA"},
        {"code": "23815", "name": "TUCHIN"},
        {"code": "23855", "name": "VALENCIA"}
      ]
    },
    {
      "code": "25",
      "name": "CUNDINAMARCA",
      "municipalities": [
        {"code": "25001", "name": "AGUA DE DIOS"},
        {"code": "25019", "name": "ALBAN"},
        {"code": "25035", "name": "ANAPOIMA"},
        {"code": "25040", "name": "ANOLAIMA"},
        {"code": "25053", "name": "ARBELAEZ"},
        {"code": "25086", "name": "BELTRAN"},
        {"code": "25095", "name": "BITUIMA"},
        {"code": "25099", "name": "BOJACA"},
        {"code": "25120", "name": "CABRERA"},
        {"code": "25123", "name": "CACHIPAY"},
        {"code": "25126", "name": "CAJICA"},
        {"code": "25148", "name": "CAPARRAPI"},
        {"code": "25151", "name": "CAQUEZA"},
        {"code": "25154", "name": "CARMEN DE CARUPA"},
        {"code": "25168", "name": "CHAGUANI"},
        {"code": "25175", "name": "CHIA"},
        {"code": "25178", "name": "CHIPAQUE"},
        {"code": "25181", "name": "CHOACHI"},
        {"code": "25183", "name": "CHOCONTA"},
        {"code": "25200", "name": "COGUA"},
        {"code": "25214", "name": "COTA"},
        {"code": "25224", "name": "CUCUNUBA"},
        {"code": "25245", "name": "EL COLEGIO"},
        {"code": "25258", "name": "EL PEÑON"},
        {"code": "25260", "name": "EL ROSAL"},
        {"code": "25269", "name": "FACATATIVA"},
        {"code": "25279", "name": "FOMEQUE"},
        {"code": "25281", "name": "FOSCA"},
        {"code": "25286", "name": "FUNZA"},
        {"code": "25288", "name": "FUQUENE"},
        {"code": "25290", "name": "FUSAGASUGA"},
        {"code": "25293", "name": "GACHALA"},
        {"code": "25295", "name": "GACHANCIPA"},
        {"code": "25297", "name": "GACHETA"},
        {"code": "25299", "name": "GAMA"},
        {"code": "25307", "name": "GIRARDOT"},
        {"code": "25312", "name": "GRANADA"},
        {"code": "25317", "name": "GUACHETA"},
        {"code": "25320", "name": "GUADUAS"},
        {"code": "25322", "name": "GUASCA"},
        {"code": "25324", "name": "GUATAQUI"},
        {"code": "25326", "name": "GUATAVITA"},
        {"code": "25328", "name": "GUAYABAL DE SIQUIMA"},
        {"code": "25335", "name": "GUAYABETAL"},
        {"code": "25339", "name": "GUTIERREZ"},
        {"code": "25368", "name": "JERUSALEN"},
        {"code": "25372", "name": "JUNIN"},
        {"code": "25377", "name": "LA CALERA"},
        {"code": "25386", "name": "LA MESA"},
        {"code": "25394", "name": "LA PALMA"},
        {"code": "25398", "name": "LA PEÑA"},
        {"code": "25402", "name": "LA VEGA"},
        {"code": "25407", "name": "LENGUAZAQUE"},
        {"code": "25426", "name": "MACHETA"},
        {"code": "25430", "name": "MADRID"},
        {"code": "25436", "name": "MANTA"},
        {"code": "25438", "name": "MEDINA"},
        {"code": "25473", "name": "MOSQUERA"},
        {"code": "25483", "name": "NARIÑO"},
        {"code": "25486", "name": "NEMOCON"},
        {"code": "25488", "name": "NILO"},
        {"code": "25489", "name": "NIMAIMA"},
        {"code": "25491", "name": "NOCAIMA"},
        {"code": "25506", "name": "VENECIA"},
        {"code": "25513", "name": "PACHO"},
        {"code": "25518", "name": "PAIME"},
        {"code": "25524", "name": "PANDI"},
        {"code": "25530", "name": "PARATEBUENO"},
        {"code": "25535", "name": "PASCA"},
        {"code": "25572", "name": "PUERTO SALGAR"},
        {"code": "25580", "name": "PULI"},
        {"code": "25592", "name": "QUEBRADANEGRA"},
        {"code": "25594", "name": "QUETAME"},
        {"code": "25596", "name": "QUIPILE"},
        {"code": "25599", "name": "APULO"},
        {"code": "25612", "name": "RICAURTE"},
        {"code": "25645", "name": "SAN ANTONIO DEL TEQUENDAMA"},
        {"code": "25649", "name": "SAN BERNARDO"},
        {"code": "25653", "name": "SAN CAYETANO"},
        {"code": "25658", "name": "SAN FRANCISCO"},
        {"code": "25662", "name": "SAN JUAN DE RIOSECO"},
        {"code": "25718", "name": "SASAIMA"},
        {"code": "25736", "name": "SESQUILE"},
        {"code": "25740", "name": "SIBATE"},
        {"code": "25743", "name": "SILVANIA"},
        {"code": "25745", "name": "SIMIJACA"},
        {"code": "25754", "name": "SOACHA"},
        {"code": "25758", "name": "SOPO"},
        {"code": "25769", "name": "SUBACHOQUE"},
        {"code": "25772", "name": "SUESCA"},
        {"code": "25777", "name": "SUPATA"},
        {"code": "25779", "name": "SUSA"},
        {"code": "25781", "name": "SUTATAUSA"},
        {"code": "25785", "name": "TABIO"},
        {"code": "25793", "name": "TAUSA"},
        {"code": "25797", "name": "TENA"},
        {"code": "25799", "name": "TENJO"},
        {"code": "25805", "name": "TIBACUY"},
        {"code": "25807", "name": "TIBIRITA"},
        {"code": "25815", "name": "TOCAIMA"},
        {"code": "25817", "name": "TOCANCIPA"},
        {"code": "25823", "name": "TOPAIPI"},
        {"code": "25839", "name": "UBALA"},
        {"code": "25841", "name": "UBAQUE"},
        {"code": "25843", "name": "UBATE"},
        {"code": "25845", "name": "UNE"},
        {"code": "25851", "name": "UTICA"},
        {"code": "25862", "name": "VERGARA"},
        {"code": "25867", "name": "VIANI"},
        {"code": "25871", "name": "VILLAGOMEZ"},
        {"code": "25873", "name": "VILLAPINZON"},
        {"code": "25875", "name": "VILLETA"},
        {"code": "25878", "name": "VIOTA"},
        {"code": "25885", "name": "YACOPI"},
        {"code": "25898", "name": "ZIPACON"},
        {"code": "25899", "name": "ZIPAQUIRA"}
      ]
    },
    {
      "code": "27",
      "name": "CHOCO",
      "municipalities": [
        {"code": "27001", "name": "QUIBDO"},
        {"code": "27006", "name": "ACANDI"},
        {"code": "27025", "name": "ALTO BAUDO"},
        {"code": "27050", "name": "ATRATO"},
        {"code": "27073", "name": "BAGADO"},
        {"code": "27075", "name": "BAHIA SOLANO"},
        {"code": "27077", "name": "BAJO BAUDO"},
        {"code": "27099", "name": "BOJAYA"},
        {"code": "27135", "name": "EL CANTON DEL SAN PABLO"},
        {"code": "27150", "name": "CARMEN DEL DARIEN"},
        {"code": "27160", "name": "CERTEGUI"},
        {"code": "27205", "name": "CONDOTO"},
        {"code": "27245", "name": "EL CARMEN DE ATRATO"},
        {"code": "27250", "name": "EL LITORAL DEL SAN JUAN"},
        {"code": "27361", "name": "ISTMINA"},
        {"code": "27372", "name": "JURADO"},
        {"code": "27413", "name": "LLORO"},
        {"code": "27425", "name": "MEDIO ATRATO"},
        {"code": "27430", "name": "MEDIO BAUDO"},
        {"code": "27450", "name": "MEDIO SAN JUAN"},
        {"code": "27491", "name": "NOVITA"},
        {"code": "27495", "name": "NUQUI"},
        {"code": "27580", "name": "RIO IRO"},
        {"code": "27600", "name": "RIO QUITO"},
        {"code": "27615", "name": "RIOSUCIO"},
        {"code": "27660", "name": "SAN JOSE DEL PALMAR"},
        {"code": "27745", "name": "SIPI"},
        {"code": "27787", "name": "TADO"},
        {"code": "27800", "name": "UNGUIA"},
        {"code": "27810", "name": "UNION PANAMERICANA"}
      ]
    },
    {
      "code": "41",
      "name": "HUILA",
      "municipalities": [
        {"code": "41001", "name": "NEIVA"},
        {"code": "41006", "name": "ACEVEDO"},
        {"code": "41013", "name": "AGRADO"},
        {"code": "41016", "name": "AIPE"},
        {"code": "41020", "name": "ALGECIRAS"},
        {"code": "41026", "name": "ALTAMIRA"},
        {"code": "41078", "name": "BARAYA"},
        {"code": "41132", "name": "CAMPOALEGRE"},
        {"code": "41206", "name": "COLOMBIA"},
        {"code": "41244", "name": "ELIAS"},
        {"code": "41298", "name": "GARZON"},
        {"code": "41306", "name": "GIGANTE"},
        {"code": "41319", "name": "GUADALUPE"},
        {"code": "41349", "name": "HOBO"},
        {"code": "41357", "name": "IQUIRA"},
        {"code": "41359", "name": "ISNOS"},
        {"code": "41378", "name": "LA ARGENTINA"},
        {"code": "41396", "name": "LA PLATA"},
        {"code": "41483", "name": "NATAGA"},
        {"code": "41503", "name": "OPORAPA"},
        {"code": "41518", "name": "PAICOL"},
        {"code": "41524", "name": "PALERMO"},
        {"code": "41530", "name": "PALESTINA"},
        {"code": "41548", "name": "PITAL"},
        {"code": "41551", "name": "PITALITO"},
        {"code": "41615", "name": "RIVERA"},
        {"code": "41660", "name": "SALADOBLANCO"},
        {"code": "41668", "name": "SAN AGUSTIN"},
        {"code": "41676", "name": "SANTA MARIA"},
        {"code": "41770", "name": "SUAZA"},
        {"code": "41791", "name": "TARQUI"},
        {"code": "41797", "name": "TESALIA"},
        {"code": "41799", "name": "TELLO"},
        {"code": "41801", "name": "TERUEL"},
        {"code": "41807", "name": "TIMANA"},
        {"code": "41872", "name": "VILLAVIEJA"},
        {"code": "41885", "name": "YAGUARA"}
      ]
    },
    {
      "code": "44",
      "name": "LA GUAJIRA",
      "municipalities": [
        {"code": "44001", "name": "RIOHACHA"},
        {"code": "44035", "name": "ALBANIA"},
        {"code": "44078", "name": "BARRANCAS"},
        {"code": "44090", "name": "DIBULLA"},
        {"code": "44098", "name": "DISTRACCION"},
        {"code": "44110", "name": "EL MOLINO"},
        {"code": "44279", "name": "FONSECA"},
        {"code": "44378", "name": "HATONUEVO"},
        {"code": "44420", "name": "LA JAGUA DEL PILAR"},
        {"code": "44430", "name": "MAICAO"},
        {"code": "44560", "name": "MANAURE"},
        {"code": "44650", "name": "SAN JUAN DEL CESAR"},
        {"code": "44847", "name": "URIBIA"},
        {"code": "44855", "name": "URUMITA"},
        {"code": "44874", "name": "VILLANUEVA"}
      ]
    },
    {
      "code": "47",
      "name": "MAGDALENA",
      "municipalities": [
        {"code": "47001", "name": "SANTA MARTA"},
        {"code": "47030", "name": "ALGARROBO"},
        {"code": "47053", "name": "ARACATACA"},
        {"code": "47058", "name": "ARIGUANI"},
        {"code": "47161", "name": "CERRO DE SAN ANTONIO"},
        {"code": "47170", "name": "CHIBOLO"},
        {"code": "47189", "name": "CIENAGA"},
        {"code": "47205", "name": "CONCORDIA"},
        {"code": "47245", "name": "EL BANCO"},
        {"code": "47258", "name": "EL PIÑON"},
        {"code": "47268", "name": "EL RETEN"},
        {"code": "47288", "name": "FUNDACION"},
        {"code": "47318", "name": "GUAMAL"},
        {"code": "47460", "name": "NUEVA GRANADA"},
        {"code": "47541", "name": "PEDRAZA"},
        {"code": "47545", "name": "PIJIÑO DEL CARMEN"},
        {"code": "47551", "name": "PIVIJAY"},
        {"code": "47555", "name": "PLATO"},
        {"code": "47570", "name": "PUEBLOVIEJO"},
        {"code": "47605", "name": "REMOLINO"},
        {"code": "47660", "name": "SABANAS DE SAN ANGEL"},
        {"code": "47675", "name": "SALAMINA"},
        {"code": "47692", "name": "SAN SEBASTIAN DE BUENAVISTA"},
        {"code": "47703", "name": "SAN ZENON"},
        {"code": "47707", "name": "SANTA ANA"},
        {"code": "47720", "name": "SANTA BARBARA DE PINTO"},
        {"code": "47745", "name": "SITIONUEVO"},
        {"code": "47798", "name": "TENERIFE"},
        {"code": "47960", "name": "ZAPAYAN"},
        {"code": "47980", "name": "ZONA BANANERA"}
      ]
    },
    {
      "code": "50",
      "name": "META",
      "municipalities": [
        {"code": "50001", "name": "VILLAVICENCIO"},
        {"code": "50006", "name": "ACACIAS"},
        {"code": "50110", "name": "BARRANCA DE UPIA"},
        {"code": "50124", "name": "CABUYARO"},
        {"code": "50150", "name": "CASTILLA LA NUEVA"},
        {"code": "50223", "name": "CUBARRAL"},
        {"code": "50226", "name": "CUMARAL"},
        {"code": "50245", "name": "EL CALVARIO"},
        {"code": "50251", "name": "EL CASTILLO"},
        {"code": "50270", "name": "EL DORADO"},
        {"code": "50287", "name": "FUENTE DE ORO"},
        {"code": "50313", "name": "GRANADA"},
        {"code": "50318", "name": "GUAMAL"},
        {"code": "50325", "name": "MAPIRIPAN"},
        {"code": "50330", "name": "MESETAS"},
        {"code": "50350", "name": "LA MACARENA"},
        {"code": "50370", "name": "URIBE"},
        {"code": "50400", "name": "LEJANIAS"},
        {"code": "50450", "name": "PUERTO CONCORDIA"},
        {"code": "50568", "name": "PUERTO GAITAN"},
        {"code": "50573", "name": "PUERTO LOPEZ"},
        {"code": "50577", "name": "PUERTO LLERAS"},
        {"code": "50590", "name": "PUERTO RICO"},
        {"code": "50606", "name": "RESTREPO"},
        {"code": "50680", "name": "SAN CARLOS DE GUAROA"},
        {"code": "50683", "name": "SAN JUAN DE ARAMA"},
        {"code": "50686", "name": "SAN JUANITO"},
        {"code": "50689", "name": "SAN MARTIN"},
        {"code": "50711", "name": "VISTAHERMOSA"}
      ]
    },
    {
      "code": "52",
      "name": "NARIÑO",
      "municipalities": [
        {"code": "52001", "name": "PASTO"},
        {"code": "52019", "name": "ALBAN"},
        {"code": "52022", "name": "ALDANA"},
        {"code": "52036", "name": "ANCUYA"},
        {"code": "52051", "name": "ARBOLEDA"},
        {"code": "52079", "name": "BARBACOAS"},
        {"code": "52083", "name": "BELEN"},
        {"code": "52110", "name": "BUESACO"},
        {"code": "52203", "name": "COLON"},
        {"code": "52207", "name": "CONSACA"},
        {"code": "52210", "name": "CONTADERO"},
        {"code": "52215", "name": "CORDOBA"},
        {"code": "52224", "name": "CUASPUD"},
        {"code": "52227", "name": "CUMBAL"},
        {"code": "52233", "name": "CUMBITARA"},
        {"code": "52240", "name": "CHACHAGUI"},
        {"code": "52250", "name": "EL CHARCO"},
        {"code": "52254", "name": "EL PEÑOL"},
        {"code": "52256", "name": "EL ROSARIO"},
        {"code": "52258", "name": "EL TABLON DE GOMEZ"},
        {"code": "52260", "name": "EL TAMBO"},
        {"code": "52287", "name": "FUNES"},
        {"code": "52317", "name": "GUACHUCAL"},
        {"code": "52320", "name": "GUAITARILLA"},
        {"code": "52323", "name": "GUALMATAN"},
        {"code": "52352", "name": "ILES"},
        {"code": "52354", "name": "IMUES"},
        {"code": "52356", "name": "IPIALES"},
        {"code": "52378", "name": "LA CRUZ"},
        {"code": "52381", "name": "LA FLORIDA"},
        {"code": "52385", "name": "LA LLANADA"},
        {"code": "52390", "name": "LA TOLA"},
        {"code": "52399", "name": "LA UNION"},
        {"code": "52405", "name": "LEIVA"},
        {"code": "52411", "name": "LINARES"},
        {"code": "52418", "name": "LOS ANDES"},
        {"code": "52427", "name": "MAGUI"},
        {"code": "52435", "name": "MALLAMA"},
        {"code": "52473", "name": "MOSQUERA"},
        {"code": "52480", "name": "NARIÑO"},
        {"code": "52490", "name": "OLAYA HERRERA"},
        {"code": "52506", "name": "OSPINA"},
        {"code": "52520", "name": "FRANCISCO PIZARRO"},
        {"code": "52540", "name": "POLICARPA"},
        {"code": "52560", "name": "POTOSI"},
        {"code": "52565", "name": "PROVIDENCIA"},
        {"code": "52573", "name": "PUERRES"},
        {"code": "52585", "name": "PUPIALES"},
        {"code": "52612", "name": "RICAURTE"},
        {"code": "52621", "name": "ROBERTO PAYAN"},
        {"code": "52678", "name": "SAMANIEGO"},
        {"code": "52683", "name": "SANDONA"},
        {"code": "52685", "name": "SAN BERNARDO"},
        {"code": "52687", "name": "SAN LORENZO"},
        {"code": "52693", "name": "SAN PABLO"},
        {"code": "52694", "name": "SAN PEDRO DE CARTAGO"},
        {"code": "52696", "name": "SANTA BARBARA"},
        {"code": "52699", "name": "SANTACRUZ"},
        {"code": "52720", "name": "SAPUYES"},
        {"code": "52786", "name": "TAMINANGO"},
        {"code": "52788", "name": "TANGUA"},
        {"code": "52835", "name": "TUMACO"},
        {"code": "52838", "name": "TUQUERRES"},
        {"code": "52885", "name": "YACUANQUER"}
      ]
    },
    {
      "code": "54",
      "name": "NORTE DE SANTANDER",
      "municipalities": [
        {"code": "54001", "name": "CUCUTA"},
        {"code": "54003", "name": "ABREGO"},
        {"code": "54051", "name": "ARBOLEDAS"},
        {"code": "54099", "name": "BOCHALEMA"},
        {"code": "54109", "name": "BUCARASICA"},
        {"code": "54125", "name": "CACOTA"},
        {"code": "54128", "name": "CACHIRA"},
        {"code": "54172", "name": "CHINACOTA"},
        {"code": "54174", "name": "CHITAGA"},
        {"code": "54206", "name": "CONVENCION"},
        {"code": "54223", "name": "CUCUTILLA"},
        {"code": "54239", "name": "DURANIA"},
        {"code": "54245", "name": "EL CARMEN"},
        {"code": "54250", "name": "EL TARRA"},
        {"code": "54261", "name": "EL ZULIA"},
        {"code": "54313", "name": "GRAMALOTE"},
        {"code": "54344", "name": "HACARI"},
        {"code": "54347", "name": "HERRAN"},
        {"code": "54377", "name": "LABATECA"},
        {"code": "54385", "name": "LA ESPERANZA"},
        {"code": "54398", "name": "LA PLAYA"},
        {"code": "54405", "name": "LOS PATIOS"},
        {"code": "54418", "name": "LOURDES"},
        {"code": "54480", "name": "MUTISCUA"},
        {"code": "54498", "name": "OCAÑA"},
        {"code": "54518", "name": "PAMPLONA"},
        {"code": "54520", "name": "PAMPLONITA"},
        {"code": "54553", "name": "PUERTO SANTANDER"},
        {"code": "54599", "name": "RAGONVALIA"},
        {"code": "54660", "name": "SALAZAR"},
        {"code": "54670", "name": "SAN CALIXTO"},
        {"code": "54673", "name": "SAN CAYETANO"},
        {"code": "54680", "name": "SANTIAGO"},
        {"code": "54720", "name": "SARDINATA"},
        {"code": "54743", "name": "SILOS"},
        {"code": "54800", "name": "TEORAMA"},
        {"code": "54810", "name": "TIBU"},
        {"code": "54820", "name": "TOLEDO"},
        {"code": "54871", "name": "VILLA CARO"},
        {"code": "54874", "name": "VILLA DEL ROSARIO"}
      ]
    },
    {
      "code": "63",
      "name": "QUINDIO",
      "municipalities": [
        {"code": "63001", "name": "ARMENIA"},
        {"code": "63111", "name": "BUENAVISTA"},
        {"code": "63130", "name": "CALARCA"},
        {"code": "63190", "name": "CIRCASIA"},
        {"code": "63212", "name": "CORDOBA"},
        {"code": "63272", "name": "FILANDIA"},
        {"code": "63302", "name": "GENOVA"},
        {"code": "63401", "name": "LA TEBAIDA"},
        {"code": "63470", "name": "MONTENEGRO"},
        {"code": "63548", "name": "PIJAO"},
        {"code": "63594", "name": "QUIMBAYA"},
        {"code": "63690", "name": "SALENTO"}
      ]
    },
    {
      "code": "66",
      "name": "RISARALDA",
      "municipalities": [
        {"code": "66001", "name": "PEREIRA"},
        {"code": "66045", "name": "APIA"},
        {"code": "66075", "name": "BALBOA"},
        {"code": "66088", "name": "BELEN DE UMBRIA"},
        {"code": "66170", "name": "DOSQUEBRADAS"},
        {"code": "66318", "name": "GUATICA"},
        {"code": "66383", "name": "LA CELIA"},
        {"code": "66400", "name": "LA VIRGINIA"},
        {"code": "66440", "name": "MARSELLA"},
        {"code": "66456", "name": "MISTRATO"},
        {"code": "66572", "name": "PUEBLO RICO"},
        {"code": "66594", "name": "QUINCHIA"},
        {"code": "66682", "name": "SANTA ROSA DE CABAL"},
        {"code": "66687", "name": "SANTUARIO"}
      ]
    },
    {
      "code": "68",
      "name": "SANTANDER",
      "municipalities": [
        {"code": "68001", "name": "BUCARAMANGA"},
        {"code": "68013", "name": "AGUADA"},
        {"code": "68020", "name": "ALBANIA"},
        {"code": "68051", "name": "ARATOCA"},
        {"code": "68077", "name": "BARBOSA"},
        {"code": "68079", "name": "BARICHARA"},
        {"code": "68081", "name": "BARRANCABERMEJA"},
        {"code": "68092", "name": "BETULIA"},
        {"code": "68101", "name": "BOLIVAR"},
        {"code": "68121", "name": "CABRERA"},
        {"code": "68132", "name": "CALIFORNIA"},
        {"code": "68147", "name": "CAPITANEJO"},
        {"code": "68152", "name": "CARCASI"},
        {"code": "68160", "name": "CEPITA"},
        {"code": "68162", "name": "CERRITO"},
        {"code": "68167", "name": "CHARALA"},
        {"code": "68169", "name": "CHARTA"},
        {"code": "68176", "name": "CHIMA"},
        {"code": "68179", "name": "CHIPATA"},
        {"code": "68190", "name": "CIMITARRA"},
        {"code": "68207", "name": "CONCEPCION"},
        {"code": "68209", "name": "CONFINES"},
        {"code": "68211", "name": "CONTRATACION"},
        {"code": "68217", "name": "COROMORO"},
        {"code": "68229", "name": "CURITI"},
        {"code": "68235", "name": "EL CARMEN DE CHUCURI"},
        {"code": "68245", "name": "EL GUACAMAYO"},
        {"code": "68250", "name": "EL PEÑON"},
        {"code": "68255", "name": "EL PLAYON"},
        {"code": "68264", "name": "ENCINO"},
        {"code": "68266", "name": "ENCISO"},
        {"code": "68271", "name": "FLORIAN"},
        {"code": "68276", "name": "FLORIDABLANCA"},
        {"code": "68296", "name": "GALAN"},
        {"code": "68298", "name": "GAMBITA"},
        {"code": "68307", "name": "GIRON"},
        {"code": "68318", "name": "GUACA"},
        {"code": "68320", "name": "GUADALUPE"},
        {"code": "68322", "name": "GUAPOTA"},
        {"code": "68324", "name": "GUAVATA"},
        {"code": "68327", "name": "GUEPSA"},
        {"code": "68344", "name": "HATO"},
        {"code": "68368", "name": "JESUS MARIA"},
        {"code": "68370", "name": "JORDAN"},
        {"code": "68377", "name": "LA BELLEZA"},
        {"code": "68385", "name": "LANDAZURI"},
        {"code": "68397", "name": "LA PAZ"},
        {"code": "68406", "name": "LEBRIJA"},
        {"code": "68418", "name": "LOS SANTOS"},
        {"code": "68425", "name": "MACARAVITA"},
        {"code": "68432", "name": "MALAGA"},
        {"code": "68444", "name": "MATANZA"},
        {"code": "68464", "name": "MOGOTES"},
        {"code": "68468", "name": "MOLAGAVITA"},
        {"code": "68498", "name": "OCAMONTE"},
        {"code": "68500", "name": "OIBA"},
        {"code": "68502", "name": "ONZAGA"},
        {"code": "68522", "name": "PALMAR"},
        {"code": "68524", "name": "PALMAS DEL SOCORRO"},
        {"code": "68533", "name": "PARAMO"},
        {"code": "68547", "name": "PIEDECUESTA"},
        {"code": "68549", "name": "PINCHOTE"},
        {"code": "68572", "name": "PUENTE NACIONAL"},
        {"code": "68573", "name": "PUERTO PARRA"},
        {"code": "68575", "name": "PUERTO WILCHES"},
        {"code": "68615", "name": "RIONEGRO"},
        {"code": "68655", "name": "SABANA DE TORRES"},
        {"code": "68669", "name": "SAN ANDRES"},
        {"code": "68673", "name": "SAN BENITO"},
        {"code": "68679", "name": "SAN GIL"},
        {"code": "68682", "name": "SAN JOAQUIN"},
        {"code": "68684", "name": "SAN JOSE DE MIRANDA"},
        {"code": "68686", "name": "SAN MIGUEL"},
        {"code": "68689", "name": "SAN VICENTE DE CHUCURI"},
        {"code": "68705", "name": "SANTA BARBARA"},
        {"code": "68720", "name": "SANTA HELENA DEL OPON"},
        {"code": "68745", "name": "SIMACOTA"},
        {"code": "68755", "name": "SOCORRO"},
        {"code": "68770", "name": "SUAITA"},
        {"code": "68773", "name": "SUCRE"},
        {"code": "68780", "name": "SURATA"},
        {"code": "68820", "name": "TONA"},
        {"code": "68855", "name": "VALLE DE SAN JOSE"},
        {"code": "68861", "name": "VELEZ"},
        {"code": "68867", "name": "VETAS"},
        {"code": "68872", "name": "VILLANUEVA"},
        {"code": "68895", "name": "ZAPATOCA"}
      ]
    },
    {
      "code": "70",
      "name": "SUCRE",
      "municipalities": [
        {"code": "70001", "name": "SINCELEJO"},
        {"code": "70110", "name": "BUENAVISTA"},
        {"code": "70124", "name": "CAIMITO"},
        {"code": "70204", "name": "COLOSO"},
        {"code": "70215", "name": "COROZAL"},
        {"code": "70221", "name": "COVEÑAS"},
        {"code": "70230", "name": "CHALAN"},
        {"code": "70233", "name": "EL ROBLE"},
        {"code": "70235", "name": "GALERAS"},
        {"code": "70265", "name": "GUARANDA"},
        {"code": "70400", "name": "LA UNION"},
        {"code": "70418", "name": "LOS PALMITOS"},
        {"code": "70429", "name": "MAJAGUAL"},
        {"code": "70473", "name": "MORROA"},
        {"code": "70508", "name": "OVEJAS"},
        {"code": "70523", "name": "PALMITO"},
        {"code": "70670", "name": "SAMPUES"},
        {"code": "70678", "name": "SAN BENITO ABAD"},
        {"code": "70702", "name": "SAN JUAN DE BETULIA"},
        {"code": "70708", "name": "SAN MARCOS"},
        {"code": "70713", "name": "SAN ONOFRE"},
        {"code": "70717", "name": "SAN PEDRO"},
        {"code": "70742", "name": "SAN LUIS DE SINCE"},
        {"code": "70771", "name": "SANTIAGO DE TOLU"},
        {"code": "70820", "name": "TOLU VIEJO"}
      ]
    },
    {
      "code": "73",
      "name": "TOLIMA",
      "municipalities": [
        {"code": "73001", "name": "IBAGUE"},
        {"code": "73024", "name": "ALPUJARRA"},
        {"code": "73026", "name": "ALVARADO"},
        {"code": "73030", "name": "AMBALEMA"},
        {"code": "73043", "name": "ANZOATEGUI"},
        {"code": "73055", "name": "ARMERO"},
        {"code": "73067", "name": "ATACO"},
        {"code": "73124", "name": "CAJAMARCA"},
        {"code": "73148", "name": "CARMEN DE APICALA"},
        {"code": "73152", "name": "CASABIANCA"},
        {"code": "73168", "name": "CHAPARRAL"},
        {"code": "73200", "name": "COELLO"},
        {"code": "73217", "name": "COYAIMA"},
        {"code": "73226", "name": "CUNDAY"},
        {"code": "73236", "name": "DOLORES"},
        {"code": "73268", "name": "ESPINAL"},
        {"code": "73270", "name": "FALAN"},
        {"code": "73275", "name": "FLANDES"},
        {"code": "73283", "name": "FRESNO"},
        {"code": "73319", "name": "GUAMO"},
        {"code": "73347", "name": "HERVEO"},
        {"code": "73349", "name": "HONDA"},
        {"code": "73352", "name": "ICONONZO"},
        {"code": "73408", "name": "LERIDA"},
        {"code": "73411", "name": "LIBANO"},
        {"code": "73443", "name": "SAN SEBASTIAN DE MARIQUITA"},
        {"code": "73449", "name": "MELGAR"},
        {"code": "73461", "name": "MURILLO"},
        {"code": "73483", "name": "NATAGAIMA"},
        {"code": "73504", "name": "ORTEGA"},
        {"code": "73520", "name": "PALOCABILDO"},
        {"code": "73547", "name": "PIEDRAS"},
        {"code": "73555", "name": "PLANADAS"},
        {"code": "73563", "name": "PRADO"},
        {"code": "73585", "name": "PURIFICACION"},
        {"code": "73616", "name": "RIOBLANCO"},
        {"code": "73622", "name": "RONCESVALLES"},
        {"code": "73624", "name": "ROVIRA"},
        {"code": "73671", "name": "SALDAÑA"},
        {"code": "73675", "name": "SAN ANTONIO"},
        {"code": "73678", "name": "SAN LUIS"},
        {"code": "73686", "name": "SANTA ISABEL"},
        {"code": "73770", "name": "SUAREZ"},
        {"code": "73854", "name": "VALLE DE SAN JUAN"},
        {"code": "73861", "name": "VENADILLO"},
        {"code": "73870", "name": "VILLAHERMOSA"},
        {"code": "73873", "name": "VILLARRICA"}
      ]
    },
    {
      "code": "76",
      "name": "VALLE DEL CAUCA",
      "municipalities": [
        {"code": "76001", "name": "CALI"},
        {"code": "76020", "name": "ALCALA"},
        {"code": "76036", "name": "ANDALUCIA"},
        {"code": "76041", "name": "ANSERMANUEVO"},
        {"code": "76054", "name": "ARGELIA"},
        {"code": "76100", "name": "BOLIVAR"},
        {"code": "76109", "name": "BUENAVENTURA"},
        {"code": "76111", "name": "GUADALAJARA DE BUGA"},
        {"code": "76113", "name": "BUGALAGRANDE"},
        {"code": "76122", "name": "CAICEDONIA"},
        {"code": "76126", "name": "CALIMA"},
        {"code": "76130", "name": "CANDELARIA"},
        {"code": "76147", "name": "CARTAGO"},
        {"code": "76233", "name": "DAGUA"},
        {"code": "76243", "name": "EL AGUILA"},
        {"code": "76246", "name": "EL CAIRO"},
        {"code": "76248", "name": "EL CERRITO"},
        {"code": "76250", "name": "EL DOVIO"},
        {"code": "76275", "name": "FLORIDA"},
        {"code": "76306", "name": "GINEBRA"},
        {"code": "76318", "name": "GUACARI"},
        {"code": "76364", "name": "JAMUNDI"},
        {"code": "76377", "name": "LA CUMBRE"},
        {"code": "76400", "name": "LA UNION"},
        {"code": "76403", "name": "LA VICTORIA"},
        {"code": "76497", "name": "OBANDO"},
        {"code": "76520", "name": "PALMIRA"},
        {"code": "76563", "name": "PRADERA"},
        {"code": "76606", "name": "RESTREPO"},
        {"code": "76616", "name": "RIOFRIO"},
        {"code": "76622", "name": "ROLDANILLO"},
        {"code": "76670", "name": "SAN PEDRO"},
        {"code": "76736", "name": "SEVILLA"},
        {"code": "76823", "name": "TORO"},
        {"code": "76828", "name": "TRUJILLO"},
        {"code": "76834", "name": "TULUA"},
        {"code": "76845", "name": "ULLOA"},
        {"code": "76863", "name": "VERSALLES"},
        {"code": "76869", "name": "VIJES"},
        {"code": "76890", "name": "YOTOCO"},
        {"code": "76892", "name": "YUMBO"},
        {"code": "76895", "name": "ZARZAL"}
      ]
    },
    {
      "code": "81",
      "name": "ARAUCA",
      "municipalities": [
        {"code": "81001", "name": "ARAUCA"},
        {"code": "81065", "name": "ARAUQUITA"},
        {"code": "81220", "name": "CRAVO NORTE"},
        {"code": "81300", "name": "FORTUL"},
        {"code": "81591", "name": "PUERTO RONDON"},
        {"code": "81736", "name": "SARAVENA"},
        {"code": "81794", "name": "TAME"}
      ]
    },
    {
      "code": "85",
      "name": "CASANARE",
      "municipalities": [
        {"code": "85001", "name": "YOPAL"},
        {"code": "85010", "name": "AGUAZUL"},
        {"code": "85015", "name": "CHAMEZA"},
        {"code": "85125", "name": "HATO COROZAL"},
        {"code": "85136", "name": "LA SALINA"},
        {"code": "85139", "name": "MANI"},
        {"code": "85162", "name": "MONTERREY"},
        {"code": "85225", "name": "NUNCHIA"},
        {"code": "85230", "name": "OROCUE"},
        {"code": "85250", "name": "PAZ DE ARIPORO"},
        {"code": "85263", "name": "PORE"},
        {"code": "85279", "name": "RECETOR"},
        {"code": "85300", "name": "SABANALARGA"},
        {"code": "85315", "name": "SACAMA"},
        {"code": "85325", "name": "SAN LUIS DE PALENQUE"},
        {"code": "85400", "name": "TAMARA"},
        {"code": "85410", "name": "TAURAMENA"},
        {"code": "85430", "name": "TRINIDAD"},
        {"code": "85440", "name": "VILLANUEVA"}
      ]
    },
    {
      "code": "86",
      "name": "PUTUMAYO",
      "municipalities": [
        {"code": "86001", "name": "MOCOA"},
        {"code": "86219", "name": "COLON"},
        {"code": "86320", "name": "ORITO"},
        {"code": "86568", "name": "PUERTO ASIS"},
        {"code": "86569", "name": "PUERTO CAICEDO"},
        {"code": "86571", "name": "PUERTO GUZMAN"},
        {"code": "86573", "name": "LEGUIZAMO"},
        {"code": "86749", "name": "SIBUNDOY"},
        {"code": "86755", "name": "SAN FRANCISCO"},
        {"code": "86757", "name": "SAN MIGUEL"},
        {"code": "86760", "name": "SANTIAGO"},
        {"code": "86865", "name": "VALLE DEL GUAMUEZ"},
        {"code": "86885", "name": "VILLAGARZON"}
      ]
    },
    {
      "code": "88",
      "name": "SAN ANDRES Y PROVIDENCIA",
      "municipalities": [
        {"code": "88001", "name": "SAN ANDRES"},
        {"code": "88564", "name": "PROVIDENCIA"}
      ]
    },
    {
      "code": "91",
      "name": "AMAZONAS",
      "municipalities": [
        {"code": "91001", "name": "LETICIA"},
        {"code": "91263", "name": "EL ENCANTO"},
        {"code": "91405", "name": "LA CHORRERA"},
        {"code": "91407", "name": "LA PEDRERA"},
        {"code": "91430", "name": "LA VICTORIA"},
        {"code": "91460", "name": "MIRITI - PARANA"},
        {"code": "91530", "name": "PUERTO ALEGRIA"},
        {"code": "91536", "name": "PUERTO ARICA"},
        {"code": "91540", "name": "PUERTO NARIÑO"},
        {"code": "91669", "name": "PUERTO SANTANDER"},
        {"code": "91798", "name": "TARAPACA"}
      ]
    },
    {
      "code": "94",
      "name": "GUAINIA",
      "municipalities": [
        {"code": "94001", "name": "INIRIDA"},
        {"code": "94343", "name": "BARRANCO MINAS"},
        {"code": "94663", "name": "MAPIRIPANA"},
        {"code": "94883", "name": "SAN FELIPE"},
        {"code": "94884", "name": "PUERTO COLOMBIA"},
        {"code": "94885", "name": "LA GUADALUPE"},
        {"code": "94886", "name": "CACAHUAL"},
        {"code": "94887", "name": "PANA PANA"},
        {"code": "94888", "name": "MORICHAL"}
      ]
    },
    {
      "code": "95",
      "name": "GUAVIARE",
      "municipalities": [
        {"code": "95001", "name": "SAN JOSE DEL GUAVIARE"},
        {"code": "95015", "name": "CALAMAR"},
        {"code": "95025", "name": "EL RETORNO"},
        {"code": "95200", "name": "MIRAFLORES"}
      ]
    },
    {
      "code": "97",
      "name": "VAUPES",
      "municipalities": [
        {"code": "97001", "name": "MITU"},
        {"code": "97161", "name": "CARURU"},
        {"code": "97511", "name": "PACOA"},
        {"code": "97666", "name": "TARAIRA"},
        {"code": "97777", "name": "PAPUNAUA"},
        {"code": "97889", "name": "YAVARATE"}
      ]
    },
    {
      "code": "99",
      "name": "VICHADA",
      "municipalities": [
        {"code": "99001", "name": "PUERTO CARREÑO"},
        {"code": "99524", "name": "LA PRIMAVERA"},
        {"code": "99624", "name": "SANTA ROSALIA"},
        {"code": "99773", "name": "CUMARIBO"}
      ]
    }
  ]
}
